{"cameraMode":{"drawMode":0,"name":"Shaded","section":"Shading Mode"},"sceneLighting":false,"audioPlay":false,"sceneViewState":{"showFog":true,"showMaterialUpdate":false,"showSkybox":false,"showFlares":true,"showImageEffects":true,"showParticleSystems":true},"in2DMode":false,"pivot":{"x":-12.34000015258789,"y":1.0,"z":13.199999809265137},"rotation":{"x":0.32557636499404909,"y":0.03148879483342171,"z":-0.010848771780729294,"w":0.944942057132721},"size":0.8660283088684082,"orthographic":false}