{"cameraMode":{"drawMode":0,"name":"Shaded","section":"Shading Mode"},"sceneLighting":true,"audioPlay":false,"sceneViewState":{"showFog":true,"showMaterialUpdate":false,"showSkybox":true,"showFlares":true,"showImageEffects":true,"showParticleSystems":true},"in2DMode":false,"pivot":{"x":-11.295015335083008,"y":9.221331596374512,"z":2.661139726638794},"rotation":{"x":0.32804691791534426,"y":0.4089621305465698,"z":-0.1604142189025879,"w":0.8363177180290222},"size":6.852745056152344,"orthographic":false}